Atoll	Pays	Longitude	Latitude
Rose	American Samoa	-168,15551	-14,54579
Swain Island	American Samoa	-171,07723	-11,05634
Maria Ouest	Australes	-154,70341	-21,80965
Ashmore Atoll	Australia	144,48388	-10,25113
Ashmore Reef	Australia	123,10465	-12,24183
Boot Reef	Australia	144,69462	-10,00396
Bougainville Reef	Australia	147,11115	-15,49464
Cato Reef	Australia	155,55512	-23,21151
Clerke	Australia	119,35437	-17,32627
Diane Bank	Australia	149,59689	-16,03458
Elizabeth Reef	Australia	159,09449	-29,45279
Finders Reef A	Australia	148,18955	-17,40075
Finders Reef B	Australia	148,45776	-17,31903
Finders Reef C	Australia	148,44842	-17,57259
Finders Reef D	Australia	148,46454	-17,82870
Flora Reef	Australia	147,73299	-16,75127
Hibernia Reef	Australia	123,35766	-11,97565
Holmes Reef A	Australia	147,87050	-16,42086
Holmes Reef C	Australia	148,02433	-16,45657
Imperieuse	Australia	118,94155	-17,58936
Keen Reef	Australia	155,70305	-21,19548
Lihou Reef	Australia	151,75892	-17,35250
Marion Reef	Australia	152,28517	-19,11291
Meillish	Australia	155,86848	-17,39145
Mermaid	Australia	119,62936	-17,09998
Middleton Reef	Australia	159,08123	-29,93748
North Scott Reef	Australia	121,88513	-13,95529
Osprey Reef	Australia	146,62007	-13,90801
Saumarez Reef	Australia	153,61122	-21,80573
Seringapatam Reef	Australia	122,01389	-13,66665
South Keeling Islands	Australia	96,87584	-12,15448
Willis Group	Australia	149,85242	-16,31105
Hogsty Reef	Bahamas	-73,81628	21,68709
Glover's Reef	Belize	-87,78821	16,82715
Lighthouse Reef	Belize	-87,55632	17,33471
Turneffe Atoll	Belize	-87,86213	17,36197
Rocas Atoll	Brazil	-33,74760	-3,86313
Blenheim Reef	Chagos	72,47398	-5,21613
Cauvin Bank	Chagos	72,34208	-6,81872
Diego Garcia	Chagos	72,45454	-7,33062
Egmont Islands	Chagos	71,35376	-6,65952
Great Chagos Bank	Chagos	72,15432	-6,24623
Peros Banhos	Chagos	71,85401	-5,35322
Pitt Bank	Chagos	71,38325	-7,10807
Salomon Islands	Chagos	72,24361	-5,33214
Speakers Bank	Chagos	72,36503	-4,88647
Victory Bank	Chagos	72,23093	-5,53614
Dongsha	China Sea	116,81426	20,68469
Huangyan Dao	China Sea	117,76073	15,14389
Zhongsha	China Sea	114,47531	15,85375
Albuquerque	Colombia	-81,85598	12,16557
Banco Serrana	Colombia	-80,27775	14,37163
Courtown	Colombia	-81,47915	12,42361
Roncador Bank	Colombia	-80,06490	13,52585
Manihiki	Cook	-160,99544	-10,42728
Manuae	Cook	-158,94075	-19,26968
Palmerston	Cook	-163,15197	-18,04697
Penrhyn	Cook	-157,96747	-9,00067
Pukapuka	Cook	-165,85111	-10,89436
Rakahanga	Cook	-161,09064	-10,01767
Suwarrow	Cook	-163,13016	-13,28239
Banc de la Zélée	Eparses	46,23991	-12,37680
Banc du Geyser	Eparses	46,54238	-12,33606
Bassas da India	Eparses	39,67931	-21,47930
Europa	Eparses	40,36564	-22,36133
Adolphus Reef	Fiji	-179,33007	-16,29435
Bell Reef	Fiji	-178,94944	-17,04734
BF	Fiji	177,65574	-16,89565
Bona Vatu-I-Ra Reef	Fiji	178,48400	-17,38213
Cakau Masi	Fiji	177,84761	-17,15562
Cakau Vau	Fiji	-178,31250	-18,60616
Cakaunawa	Fiji	-179,39128	-17,77627
Cale Vumagimagi Neit A Taniika Va Veloa Taucubu	Fiji	177,51093	-17,10159
Charybdis Reef	Fiji	178,02569	-17,18285
Dibbles Reef	Fiji	-178,98315	-16,97298
Duff Reef	Fiji	-178,94626	-16,80140
Frost Reef	Fiji	-179,30521	-17,42334
Katafanga Island	Fiji	-178,69958	-17,52471
Mabulici Reef	Fiji	179,30810	-18,22707
Malevuvu Reef	Fiji	-178,68130	-17,41225
Motua Lailai	Fiji	-179,55754	-16,71601
Motua Levu	Fiji	-179,62995	-16,69648
Naqilai	Fiji	178,37784	-17,41538
Navatu Reef	Fiji	-179,56778	-18,67831
Nukumbasanga Reef	Fiji	-179,26344	-16,31027
Nukusemanu Nanuku Reefs	Fiji	-179,46304	-16,47670
Nukusogea	Fiji	-178,33575	-19,22762
P	Fiji	-178,59494	-18,13570
Pitman Reef	Fiji	-179,53979	-16,42405
Qelelevu	Fiji	-179,31448	-16,09179
Reid Reef	Fiji	-178,31921	-17,91755
S	Fiji	-178,39163	-18,24774
Solo I	Fiji	178,52962	-18,63723
Ta Vunuku-I-Wai	Fiji	-178,85174	-17,73070
Tavunasici I	Fiji	-179,09241	-18,72417
Thakau Lasemawara	Fiji	-178,66770	-17,79649
Thakau Lekaleka	Fiji	-178,47150	-18,54916
Thakau Levu	Fiji	-178,40168	-18,88384
Thakau Matacucu	Fiji	-179,56995	-16,09503
Thakau Momo	Fiji	179,27625	-17,63760
Thakau Motu	Fiji	-178,40690	-18,62688
Thakau Nokeva	Fiji	-178,61440	-17,74895
Thakau Tambu	Fiji	-178,54546	-17,66267
Thakau Vuite	Fiji	-178,72152	-18,66761
Thakau Vuvovuvo	Fiji	-179,67124	-16,13978
Tivolei Reef	Fiji	177,59413	-16,91237
Tuvana-I-Colo Island	Fiji	-178,75026	-21,01315
Tuvana-I-Ra Island	Fiji	-178,84764	-21,03739
Vanuamasi Bacon Islet	Fiji	-178,45300	-18,04570
Vatututolu	Fiji	177,69429	-17,19620
Vekai	Fiji	-178,82693	-17,55846
Vuata Ono	Fiji	-178,88526	-20,74047
Vuata Vatoa	Fiji	-178,29990	-19,90825
Wailangilala	Fiji	-179,10885	-16,77356
Williamson Reef	Fiji	-179,08489	-16,98336
Clipperton	France	-109,21687	10,30389
Ahnd	FSM	157,96850	6,77664
Condor Reef	FSM	147,85826	8,10348
Earl Dalhousie Bank	FSM	144,97899	8,06839
Eauripik Atoll	FSM	143,04359	6,68969
Elato	FSM	146,13993	7,46610
Etal	FSM	153,56314	5,59738
Faraulep	FSM	144,51061	8,58699
Gray Feather Bank	FSM	148,78190	7,94387
Hitchfield Bank	FSM	149,64267	7,71262
Ifalik	FSM	144,44615	7,25069
Kapingamarangi	FSM	154,76807	1,06565
Lady Elgin Bank	FSM	149,50471	6,29891
Lamotrek	FSM	146,32135	7,49454
Losap	FSM	152,69178	6,87883
Lukunor	FSM	153,75110	5,52366
Manila Reef	FSM	149,22998	6,82698
Mc Laughlin Bank	FSM	148,10676	9,13540
Minto Reef	FSM	154,27793	8,10727
Moyami Bank	FSM	148,76338	8,50189
Murilo	FSM	152,21644	8,66858
Mwokil	FSM	159,75959	6,68620
Namoluk	FSM	153,13866	5,91266
Namonuito	FSM	150,07362	8,68332
Neoch	FSM	151,92992	7,04843
Ngetik	FSM	157,26557	5,81622
Ngulu Atoll	FSM	137,47360	8,44106
Nomwin	FSM	151,77225	8,52820
Nukuoro	FSM	154,94149	3,84423
Olimarao	FSM	145,86944	7,68888
Oraitilipu Bank	FSM	147,25363	8,15372
Oroluk	FSM	155,29937	7,50589
Pakin	FSM	157,80228	7,05901
Pingelap	FSM	160,70490	6,21773
Pulap	FSM	149,41578	7,57971
Pulusuk	FSM	149,30193	6,68834
Puluwat Atoll	FSM	149,33177	7,29640
Satawan	FSM	153,58335	5,40840
Sorol Atoll	FSM	140,38429	8,13433
Tarang Bank	FSM	145,22239	8,39680
Ulithi Atoll	FSM	139,65666	9,96328
Unnamed atoll 1	FSM	145,76518	8,16594
Unnamed atoll 2	FSM	147,42280	8,19108
Unnamed atoll 3	FSM	148,59682	8,27879
West Fayu	FSM	146,71251	8,07239
Woleai Atoll	FSM	143,85460	7,34726
Zohhoiiyoru	FSM	139,94904	9,86263
Fangataufa	Gambier	-138,73842	-22,23271
Maria Est	Gambier	-136,18864	-22,01205
Marutea Sud	Gambier	-135,56567	-21,52429
Matureivavao	Gambier	-136,39398	-21,46792
Morane	Gambier	-137,13318	-23,15401
Moruroa	Gambier	-138,87798	-21,83587
Tematangi	Gambier	-140,62775	-21,67778
Temoe	Gambier	-134,47928	-23,34328
Tenararo	Gambier	-136,74485	-21,30321
Tenarunga	Gambier	-136,54230	-21,34321
Tureia	Gambier	-138,53852	-20,82934
Vahanga	Gambier	-136,65013	-21,33024
Vanavana	Gambier	-139,14060	-20,78016
Abaiang	Gilbert	172,95141	1,83471
Abemama	Gilbert	173,86865	0,39470
Aranuka	Gilbert	173,60682	0,16382
Beru	Gilbert	175,98590	-1,32515
Butaritari	Gilbert	172,83321	3,14781
Maiana	Gilbert	172,99618	0,93179
Makin	Gilbert	172,98930	3,37633
Marakei	Gilbert	173,27828	1,99488
Nonouti	Gilbert	174,35741	-0,67324
Onotoa	Gilbert	175,58308	-1,90420
Tabiteuea	Gilbert	174,92277	-1,47166
Tarawa	Gilbert	172,98587	1,43945
Kure	Hawaii	-178,34038	28,41068
Midway	Hawaii	-177,36841	28,22406
Pearl and Hermes	Hawaii	-175,88414	27,84039
Asia	Indonesia	131,15175	0,50574
Ayu	Indonesia	130,98349	0,38165
Bobubu Atolls 1	Indonesia	122,76477	-3,36812
Bobubu Atolls 3	Indonesia	122,88402	-3,41753
D	Indonesia	130,55117	-0,55114
Dona Carmalita	Indonesia	129,44816	-1,30200
E	Indonesia	130,68064	-0,68827
East Atoll	Indonesia	121,68334	-0,41702
F	Indonesia	130,65372	-0,72215
Gosong Boni	Indonesia	122,23138	-8,38272
Gosong Sadapur	Indonesia	117,18657	-7,79693
Gosong-Gosong Puluhari	Indonesia	122,73116	-4,00163
Kakabia	Indonesia	122,22816	-6,90710
Karang Kaledupa	Indonesia	123,70931	-5,77314
Karang Kapotta	Indonesia	123,44217	-5,53824
Karang Koka	Indonesia	124,35523	-6,06817
Karang Koro Maha	Indonesia	124,18445	-5,74075
Karang Muaras	Indonesia	118,90688	1,85587
Karang Skaro	Indonesia	127,46841	-5,57839
Karang Takabasi	Indonesia	121,19657	-7,51316
Karang Takarewataya	Indonesia	118,92049	-6,06750
Kepulauan Widi	Indonesia	128,54797	-0,63587
Lintea	Indonesia	123,86352	-5,82951
Lucipara	Indonesia	127,54048	-5,49430
Maluku West 1	Indonesia	122,88503	-2,11043
Maluku West 11	Indonesia	122,94555	-1,63366
Maluku West 12	Indonesia	123,01188	-1,66064
Maluku West 13	Indonesia	123,05346	-1,70466
Maluku West 2	Indonesia	122,93422	-2,14189
Maluku West 3	Indonesia	123,02798	-2,04262
Maluku West 4	Indonesia	123,44237	-2,19170
Maluku West 5	Indonesia	123,47808	-1,94602
Maluku West 6	Indonesia	123,48771	-1,99304
Maluku West 8	Indonesia	123,21266	-1,96595
Mapia	Indonesia	134,30636	0,88027
Mioswundi	Indonesia	136,39447	-1,26784
Pangajarang	Indonesia	122,85282	-3,36779
Pasir Layaran	Indonesia	122,30717	-7,77856
Pasir Ndaa	Indonesia	124,04705	-5,65421
Pasir Raja	Indonesia	127,47046	0,59667
Pasir Tangah	Indonesia	121,64490	-0,43333
Paternoster	Indonesia	117,54676	-7,45998
Pulau Air	Indonesia	106,58807	-5,76297
Pulau Dadawe	Indonesia	128,34917	-0,57208
Pulau Dewakang Besar	Indonesia	118,43269	-5,50573
Pulau Gosongcongkak	Indonesia	106,58216	-5,70617
Pulau Ju	Indonesia	129,62160	-0,04462
Pulau Juha	Indonesia	127,64071	-7,59045
Pulau Kakaban	Indonesia	118,52780	2,15349
Pulau Kapoposangbali	Indonesia	117,15697	-7,48797
Pulau Karang Bongkok	Indonesia	106,56607	-5,68560
Pulau Karangberas	Indonesia	106,55784	-5,77051
Pulau Kokoila	Indonesia	122,96073	-3,47881
Pulau Kovo	Indonesia	127,47563	0,58380
Pulau Maratua	Indonesia	118,64068	2,19797
Pulau Maringki	Indonesia	123,27377	-2,08882
Pulau Meatimiarang	Indonesia	128,46572	-8,27981
Pulau Merpati Pulau Augusta	Indonesia	130,60380	-0,65189
Pulau Nusreen	Indonesia	132,26032	-5,71785
Pulau Padea Besar	Indonesia	123,07523	-3,50529
Pulau Panggang	Indonesia	106,60136	-5,74163
Pulau Panteh	Indonesia	123,41876	-2,00161
Pulau Pari	Indonesia	106,60352	-5,86096
Pulau Rani	Indonesia	135,41508	-0,85730
Pulau Saponda Utara	Indonesia	122,80425	-3,88113
Pulau Semadaun	Indonesia	106,58939	-5,72690
Pulau Sogori	Indonesia	121,76160	-5,38161
Pulau Sukar	Indonesia	128,40115	-0,55576
Pulau Uran	Indonesia	131,86986	-4,76550
Pulau Yeftief	Indonesia	130,29525	-0,37174
Sabalana	Indonesia	118,70174	-6,85388
Sapoeka	Indonesia	118,15242	-7,17484
Taka Garlarang	Indonesia	121,25143	-6,49822
Takabonerate Islands	Indonesia	121,14789	-6,78366
Tomini Gulf	Indonesia	120,66944	-1,06773
Wakatobi 1	Indonesia	123,63595	-5,82486
Walo	Indonesia	129,67645	-1,26357
Okino Tori Shima Reef	Japan	136,09030	20,42238
Beleapani Reef	Lakshadweep	71,90873	12,36769
Bingaram Tinnakara	Lakshadweep	72,28839	10,94276
Bitrapar Atoll	Lakshadweep	72,16211	11,55190
Chereapani Reef	Lakshadweep	71,79363	11,91174
Kalpeni Island Cheriyam Island	Lakshadweep	73,64174	10,10439
Minicoy Island	Lakshadweep	73,04402	8,29531
Peremulpa Reef	Lakshadweep	72,06297	11,15213
Suhelipar Reef	Lakshadweep	72,29724	10,07129
Caroline	Line	-150,20786	-9,96468
Kiritimati	Line	-157,40673	1,86586
Malden	Line	-154,92230	-4,02096
Starbuck	Line	-155,87794	-5,64210
Tabuaeran	Line	-159,31480	3,85711
Addu Atoll	Maldives	73,17099	-0,64375
Ari Atoll	Maldives	72,84099	3,84901
Faadhippolhu Atoll	Maldives	73,53039	5,39012
Felidhe Atoll	Maldives	73,50823	3,45232
Gaafaru	Maldives	73,42902	4,75100
Goidhoo Atoll	Maldives	72,91898	4,85498
Hadhdhunmathee Atoll	Maldives	73,42721	1,92335
Huvadhoo Atoll	Maldives	73,28611	0,45094
Ihavandhipolhu Atoll	Maldives	72,92896	7,01642
Kaashidhoo	Maldives	73,45715	4,96011
Kolhumadulu Atoll	Maldives	73,12904	2,38746
Maamakunudhoo Atoll	Maldives	72,62069	6,31512
Mulaku Atoll	Maldives	73,48597	2,98936
North Maalhosmadulu Atoll	Maldives	72,95160	5,58547
North Male Atoll	Maldives	73,50218	4,43632
North Nilandhe Atoll	Maldives	72,94084	3,19321
Rasdhoo Atoll	Maldives	72,98032	4,29683
South Maalhosmadulu Atoll	Maldives	72,96767	5,13202
South Male Atoll	Maldives	73,43897	3,98368
South Nilandhe Atoll	Maldives	72,94824	2,83173
Thiladhunmathee Miladhumadulu Atoll	Maldives	73,13079	6,22828
Unnamed Atoll 1	Maldives	73,01185	5,32396
Vattaru	Maldives	73,42915	3,24910
Ailinginae	Marshall	166,41083	11,14244
Ailinglapalap	Marshall	168,74577	7,39393
Ailuk	Marshall	169,92777	10,29905
Arno	Marshall	171,64814	7,06354
Aur	Marshall	171,09436	8,25197
Bikar	Marshall	170,10377	12,24129
Bikini	Marshall	165,36474	11,59044
Bokaak	Marshall	168,96777	14,65831
Ebon	Marshall	168,71523	4,63500
Enewetak	Marshall	162,22326	11,49561
Erikub	Marshall	170,01095	9,14997
Jaluit	Marshall	169,55520	6,00817
Knox	Marshall	172,14891	5,91100
Kwajalein	Marshall	167,47201	9,17597
Lae	Marshall	166,23701	8,93691
Likiep	Marshall	169,13549	9,89239
Majuro	Marshall	171,18836	7,11522
Maloelap	Marshall	171,05241	8,72742
Mili	Marshall	171,92417	6,14761
Namorik	Marshall	168,11195	5,61545
Namu	Marshall	168,17657	7,96234
Rongelap	Marshall	166,77243	11,31406
Rongerik	Marshall	167,44003	11,35298
Taka	Marshall	169,62328	11,14490
Ujae	Marshall	165,63135	9,06715
Ujelang	Marshall	160,90178	9,82167
Utrik	Marshall	169,78662	11,24572
Wotho	Marshall	165,96923	10,10580
Wotje	Marshall	170,02429	9,44050
Arrecife Alacran	Mexico	-89,69482	22,48824
Banco Chinchorro	Mexico	-87,34189	18,56711
Beautemps-Beaupré	New Caledonia	166,16495	-20,34727
Bellonareef	New Caledonia	158,94724	-21,11390
Boussole Bank	New Caledonia	158,59602	-20,08262
Chesterfield Islands	New Caledonia	158,52406	-19,33369
Dumont Durville Bank	New Caledonia	158,87333	-19,94359
Gilbert Reef 1	New Caledonia	163,07298	-18,03632
Gilbert Reef 2	New Caledonia	163,11768	-18,00602
Huon Atoll	New Caledonia	162,88071	-18,11674
Merite Reef	New Caledonia	163,00380	-18,20495
Ouvea	New Caledonia	166,42087	-20,56071
Pelotas Atoll	New Caledonia	163,22520	-18,57910
Petrie Reef	New Caledonia	164,39912	-18,54435
Surprise Atoll	New Caledonia	163,09015	-18,40392
Vauban Bank	New Caledonia	158,67437	-20,23952
Beveridge Reef	Niue	-167,76026	-20,00428
Helen Reef	Palau	131,77778	2,87822
Kayangel	Palau	134,70079	8,07065
Ngaruangel	Palau	134,62354	8,31984
Bombay Reef	Paracel	112,48715	16,03344
Discovery Reef	Paracel	111,68562	16,23057
Money Island	Paracel	111,52431	16,45070
North Reef	Paracel	111,48611	17,08177
Passau Keah	Paracel	111,78460	16,05054
Pattle Robert Drummond Duncan Islands	Paracel	111,66501	16,50150
Pyramid Linclon Bremen Neptuna Jehangire	Paracel	112,65257	16,50740
Vuladdore Reef	Paracel	112,04404	16,34753
West Sand Tree North Islands	Paracel	112,29814	16,96963
Alice Reef	Philippines	119,06805	4,75238
Arenalsl	Philippines	120,83962	9,19074
Bajapa Reef	Philippines	119,09101	4,67537
Black Rock	Philippines	119,94447	8,72954
Cagayan Island	Philippines	121,26339	9,67991
Laparan Island	Philippines	119,99475	5,89823
Malayan Wreck	Philippines	120,06848	8,84317
Pearl Bank	Philippines	119,69771	5,81874
Pulau Boheian	Philippines	118,92965	4,49650
Pulau Mantabuan	Philippines	118,79183	4,64650
Terumbu Sibuan Utara	Philippines	118,64766	4,67695
Terumbu Timbun Mata	Philippines	118,72643	4,72856
Tumindao Island	Philippines	119,36833	4,70389
Birnie	Phoenix	-171,51455	-3,58651
Enderbury	Phoenix	-171,08604	-3,13259
Kanton	Phoenix	-171,67888	-2,81162
Manra	Phoenix	-171,24642	-4,45693
McKean	Phoenix	-174,12188	-3,59543
Nikumaroro	Phoenix	-174,51908	-4,67664
Orona	Phoenix	-172,17593	-4,51081
Ducie	Pitcairn	-124,78538	-24,68194
Oeno	Pitcairn	-130,73901	-23,92379
Analtin	PNG	144,39412	-1,12791
Baiiri Islands Dumoulin Islets Ana Karu Karua	PNG	150,76381	-10,91197
Bion Barahun Nissan Islands	PNG	154,20307	-4,51393
Bramble Haven	PNG	152,00480	-11,22566
Cannac Islet	PNG	153,44392	-9,26791
Circular Reef	PNG	147,78560	-3,41288
Conflict Group	PNG	151,79930	-10,78328
Eastern Fields	PNG	145,66291	-10,10845
F	PNG	145,48783	-9,99762
Heina Islands	PNG	144,49129	-1,12383
Kilinailau Atoll	PNG	155,38163	-4,76021
Lagoon Reef	PNG	144,90150	-9,45175
Lililus Laughlan Budaduna Bugulum Wabulak Wasima Islands	PNG	153,66887	-9,28624
Liot Island	PNG	144,50742	-1,40883
Loraine Anobat Islands	PNG	147,53701	-2,31098
Lyra Reef	PNG	153,39965	-1,82964
Mabui Islet	PNG	152,58985	-10,93086
Maletin Awin Islands	PNG	144,01576	-1,64905
Malum Islands	PNG	154,48165	-3,13906
Marx Reef	PNG	153,44512	-11,39615
Namotu Huhunati Paopao Islands	PNG	154,67667	-3,29524
Ninigo Group	PNG	144,27950	-1,28203
North Sherburne	PNG	148,02074	-3,28880
Nukumanu Islands	PNG	159,39153	-4,53080
Pananiu Islands	PNG	153,03414	-10,83286
Pocklington Reef	PNG	155,74046	-10,81546
Portlock Reefs	PNG	144,81061	-9,71053
Portlock Reefs 2	PNG	144,78464	-9,56560
Redlick Islets	PNG	152,55012	-10,86866
Sama Islands	PNG	144,08065	-1,40016
Sand Island	PNG	148,78641	-4,54533
Sentinel Sau Pinipel Islands	PNG	154,11850	-4,39174
Shark Tooth Reef	PNG	145,65093	-10,26462
Sherburne Reef	PNG	148,02217	-3,33375
Sumasuma Island	PNG	144,04375	-1,47944
Tauu Islands	PNG	156,97289	-4,75120
Tilianu San Miguel Islands	PNG	147,55024	-2,27597
Torlesse Islands	PNG	152,20352	-10,81590
Yanaba Island	PNG	151,94107	-9,40733
Aldabra Atoll	Seychelles	46,34052	-9,42162
Alphonse Atoll	Seychelles	52,73879	-7,02109
Astove	Seychelles	47,74558	-10,08864
Cerf Providence	Seychelles	51,05335	-9,43015
Cosmoledo Atoll	Seychelles	47,59380	-9,72341
Farquhar Atoll	Seychelles	51,11797	-10,20043
Ile des Roches	Seychelles	53,64927	-5,64694
St François	Seychelles	52,75611	-7,12527
Umzinto Bank	Seychelles	51,32955	-9,69942
Bellingshausen	Society	-154,52355	-15,81406
Mopelia	Society	-153,95570	-16,81174
Scilly	Society	-154,68459	-16,54171
Tetiaroa	Society	-149,55559	-17,00487
Tupai	Society	-151,81708	-16,25317
Alite Reef	Solomon Islands	160,61932	-8,88613
Great Reef Nifiloli Fenualola	Solomon Islands	166,24869	-10,21541
Leli Island	Solomon Islands	161,01636	-8,76160
Middle Reef Indispensable Reef	Solomon Islands	160,40020	-12,66343
Mohawk	Solomon Islands	166,24717	-10,28703
North Reef	Solomon Islands	160,12109	-12,31065
Nukapu	Solomon Islands	166,03908	-10,08893
Nupani	Solomon Islands	165,72928	-10,08210
Ontong Java Atoll	Solomon Islands	159,31824	-5,33030
Roncador Reef	Solomon Islands	159,34578	-6,23735
Sikaiana	Solomon Islands	162,88230	-8,40494
South Reef	Solomon Islands	160,55917	-12,92619
Unnamed Atoll 1	Solomon Islands	157,85373	-8,83373
Unnamed Atoll 2	Solomon Islands	166,18388	-10,27369
Unnamed Atoll 3	Solomon Islands	166,22819	-10,27934
Andu Bank	Spratly	114,25798	7,72831
Ao'nan Shoal	Spratly	111,65158	7,78017
Bai Reef	Spratly	113,31001	8,17307
Bisheng Reef	Spratly	113,66661	8,95423
Boji Reef	Spratly	114,13319	8,10515
Chang Bank	Spratly	114,72891	11,06132
Danwan Reef	Spratly	113,82810	7,37364
Daoming Reef	Spratly	114,52451	10,76749
Daxian Reef	Spratly	113,85449	10,05839
Dayuan Bank	Spratly	116,16522	11,37093
Dong Reef	Spratly	112,58766	8,82098
Flaxian Shoal	Spratly	112,51322	5,80693
Guangxing Reef	Spratly	113,80413	7,62092
Guangya Bank	Spratly	110,51140	8,12106
Haian Reef	Spratly	112,48223	5,02346
Haima Bank	Spratly	117,78471	10,78612
Haining Reef	Spratly	112,60463	4,96993
Houteng Reef	Spratly	116,26160	10,83703
Huanglu Reef	Spratly	113,58033	6,94209
Huoai Reef	Spratly	114,91787	10,86842
Jiuzhang Reefs	Spratly	114,47052	9,86822
Kangxi Shoal	Spratly	112,45954	5,60429
Lesi Shoal	Spratly	114,60286	11,34326
Liumen Reef	Spratly	113,97998	8,80602
Liyue Antang Bank	Spratly	116,78183	11,37319
Lusha Reef	Spratly	115,36764	10,25167
Mahuan Feixin Islands	Spratly	115,84044	10,70879
Meiji Reef	Spratly	115,53574	9,90174
Mengyi Shoal	Spratly	112,52890	5,95416
Nanhai Reef	Spratly	113,90284	7,98909
Nanhua Reef	Spratly	114,18641	8,71478
Nanping Reef	Spratly	112,62665	5,37025
Pengbo Shoal	Spratly	116,92696	9,45662
Ren'ai Reef	Spratly	115,86510	9,74978
Riji Reef	Spratly	111,68321	8,66841
Sanjiao Reef	Spratly	115,29862	10,19078
Shuangzi Reefs	Spratly	114,35832	11,41705
Siling Reef	Spratly	115,22852	8,36021
Southern Bank	Spratly	116,69129	10,47248
Tiezhi Meiju Reefs	Spratly	114,35567	11,07246
Wan'an Bank	Spratly	109,73241	7,29140
Wufang Reef	Spratly	115,75606	10,49715
Wumie Reef	Spratly	114,65861	8,85804
Xi Reef	Spratly	112,22509	8,85824
Xianbin Reef	Spratly	116,46977	9,76556
Xian'e Reef	Spratly	115,44266	9,37558
Xiwei Bank	Spratly	109,98517	7,87736
Yongdeng Shoal	Spratly	114,67812	11,44951
Yongshu Reef	Spratly	112,96428	9,60466
Yuya Shoal	Spratly	114,70106	8,12318
Zhenghe Reefs	Spratly	114,43273	10,28643
Zhongxiao Bank	Spratly	117,27590	11,05960
Zhongye Reefs	Spratly	114,23732	11,04834
Zhubi Reef	Spratly	114,08616	10,92414
Zi Bank	Spratly	117,23152	10,69999
Zong Bank	Spratly	117,36641	10,63337
Sanganeb Reef	Sudan	37,44719	19,74980
Sha'ab Rumi	Sudan	37,40624	19,94190
Atafu	Tokelau	-172,49444	-8,55640
Fakaofo	Tokelau	-171,21604	-9,37540
Nukunonu	Tokelau	-171,82085	-9,16934
Minerva Reef North	Tonga	-178,91414	-23,63950
Minerva Reef South	Tonga	-179,12038	-23,93636
Zephyr Reef	Tonga	-176,70609	-15,85137
Ahe	Tuamotu	-146,30067	-14,48300
Ahunui	Tuamotu	-140,40963	-19,63547
Amanu	Tuamotu	-140,75520	-17,80045
Anaa	Tuamotu	-145,49071	-17,41295
Anuanuraro	Tuamotu	-143,53550	-20,43539
Anuanurunga	Tuamotu	-143,28602	-20,61455
Apataki	Tuamotu	-146,30775	-15,44453
Aratika	Tuamotu	-145,53258	-15,53712
Arutua	Tuamotu	-146,73662	-15,30953
Faaite	Tuamotu	-145,21530	-16,75343
Fakahina	Tuamotu	-140,13304	-15,98324
Fakarava	Tuamotu	-145,58522	-16,30604
Fangatau	Tuamotu	-140,86370	-15,82618
Hao	Tuamotu	-140,88360	-18,22994
Haraiki	Tuamotu	-143,45044	-17,46732
Hereheretue	Tuamotu	-144,95743	-19,87024
Hikueru	Tuamotu	-142,61369	-17,59155
Hiti	Tuamotu	-144,09352	-16,72578
Katiu	Tuamotu	-144,36376	-16,42264
Kauehi	Tuamotu	-145,15948	-15,87804
Kaukura	Tuamotu	-146,69818	-15,75090
Makemo	Tuamotu	-143,68221	-16,61825
Manihi	Tuamotu	-145,93000	-14,39790
Manuhangi	Tuamotu	-141,24340	-19,20151
Marokau	Tuamotu	-142,27017	-18,05227
Marutea Nord	Tuamotu	-143,10812	-17,04629
Mataiva	Tuamotu	-148,66680	-14,88395
Motutunga	Tuamotu	-144,36394	-17,10526
Napuka	Tuamotu	-141,23162	-14,17217
Nengonengo	Tuamotu	-141,80427	-18,75274
Niau	Tuamotu	-146,35671	-16,15707
Nihiru	Tuamotu	-142,83356	-16,69228
Nukutepipi	Tuamotu	-143,05183	-20,69911
Paraoa	Tuamotu	-140,69004	-19,13484
Pinaki	Tuamotu	-138,67475	-19,39474
Pukapuka	Tuamotu	-138,80878	-14,82038
Pukarua	Tuamotu	-137,01745	-18,31194
Rangiroa	Tuamotu	-147,62328	-15,13970
Raraka	Tuamotu	-144,88963	-16,17645
Raroia	Tuamotu	-142,42180	-16,07383
Ravahere	Tuamotu	-142,14946	-18,23407
Reao	Tuamotu	-136,37721	-18,51200
Reitoru	Tuamotu	-143,07523	-17,85369
Rekareka	Tuamotu	-141,92208	-16,83402
Taenga	Tuamotu	-143,13139	-16,35794
Tahanea	Tuamotu	-144,73985	-16,88570
Taiaro	Tuamotu	-144,63139	-15,74474
Takapoto	Tuamotu	-145,20076	-14,62082
Takaroa	Tuamotu	-144,97882	-14,45772
Takume	Tuamotu	-142,20734	-15,80878
Tatakoto	Tuamotu	-138,39500	-17,34130
Tauere	Tuamotu	-141,50668	-17,37681
Tekokota	Tuamotu	-142,57270	-17,31242
Tepoto Sud	Tuamotu	-144,28119	-16,82035
Tikehau	Tuamotu	-148,17408	-15,00445
Toau	Tuamotu	-146,03884	-15,90800
Tuanaki	Tuamotu	-144,21296	-16,65304
Vahitahi	Tuamotu	-138,81061	-18,77193
Vairaatea	Tuamotu	-139,21927	-19,34887
Funafuti	Tuvalu	179,11963	-8,51462
Kosciusko Bank	Tuvalu	179,56964	-10,48956
Nanumea	Tuvalu	176,10972	-5,66456
Niulakita	Tuvalu	179,67579	-10,73038
Nui	Tuvalu	177,15488	-7,22212
Nukufetau	Tuvalu	178,37740	-7,99276
Nukulaelae	Tuvalu	179,83931	-9,38444
Unnamed Atoll 1	Tuvalu	-179,20575	-10,66021
Unnamed Atoll 2	Tuvalu	-179,59704	-11,96789
Unnamed Atoll 3	Tuvalu	-179,67670	-12,21753
Unnamed Atoll 4	Tuvalu	-179,62738	-12,26167
Vaitupu	Tuvalu	178,68241	-7,48301
Kingman Reef	US Outlier Island	-162,40503	6,40710
Palmyra Atoll	US Outlier Island	-162,08140	5,88185
Wake Island	US Outlier Island	166,62585	19,29891
Cook Reef	Vanuatu	168,27447	-17,05566
Reef Islands	Vanuatu	167,51858	-13,62059
Sabine Shoal	Vanuatu	166,09697	-15,94904
A	Wallis et Futuna	-179,26692	-12,82309
Combe Bank	Wallis et Futuna	-177,55698	-12,50908
Siafiafi Bank	Wallis et Futuna	-175,77660	-12,22250
Tuscarora Bank	Wallis et Futuna	-178,24581	-11,82455
Waterwitch Bank	Wallis et Futuna	-176,77006	-12,52750
